MANDT,VBELN,POSNR,ARKTX,NETWR,WAERK,ERDAT,ERZET,ERZAT,KUNNR_ANA
100,1,10,Laptop-Dragonfly,1000,GBP,2024-11-14,16:32:06,23:32:06,17100001
100,2,10,Laptop MTO- Production-10-Dlfy,10000,GBP,2024-11-14,23:30:59,04:30:59,17100001
100,3,10,Laptop MTO- Production-10-Dlfy,2000,GBP,2024-11-28,16:35:38,19:35:38,17100001
100,4,20,LAPTOP MTO Config.material Variant-20-df,330,GBP,2024-11-28,16:35:38,19:35:38,17100001
100,5,30,LAPTOP MTO Configurable material-20 Dfly,100,GBP,2024-11-28,16:35:38,19:35:38,17100001
100,6,10,MTO component 1-Stratergy-10,100000,GBP,2024-11-28,19:17:20,21:17:20,17100001
100,7,20,MTO component 2- Stratergy-10,110000,GBP,2024-11-28,19:17:48,22:17:48,17100001
100,8,30,Laptop MTO- Production-10-Dlfy,1100000,GBP,2024-11-28,19:17:48,22:17:48,17100001
100,9,10,Laptop MTO- Production-10-Dlfy,10000,GBP,2024-11-28,21:09:56,01:09:56,17100001
100,10,20,MTO component 1-Stratergy-10,1100,GBP,2024-11-28,21:09:56,23:09:56,17100001
100,11,30,MTO component 2- Stratergy-10,1320,GBP,2024-11-28,21:09:56,01:09:56,17100001
100,12,10,Laptop MTO- Production-10-Dlfy,100,GBP,2024-12-06,00:10:39,03:10:39,17100001
100,13,10,'aptop MTO- Production-10-Dlfy,100,GBP,2024-12-06,22:38:48,02:38:48,17100001
100,14,10,Tablet 8gb Ram + 256gb ram,0,GBP,2024-12-12,23:01:04,01:01:04,17100001
100,15,10,Material with stock,10000,GBP,2025-01-25,03:23:28,05:23:28,17100002
100,16,10,Material with stock,5000,GBP,2025-01-25,03:28:36,06:28:36,17100002
100,17,10,Material with stock,150000,GBP,2025-02-06,03:45:12,06:45:12,17100001
100,18,1,Laptop MTO- Production-10-Dlfy,2000,GBP,2025-02-20,07:10:39,11:10:39,17100001
100,19,10,Laptop MTO- Production-10-Dlfy,4000,GBP,2025-04-10,17:05:43,20:05:43,17100001
100,20,10,Laptop MTO- Production-10-Dlfy,1200,GBP,2025-04-10,17:12:20,21:12:20,17100001
100,21,10,Laptop MTO- Production-10-Dlfy,2200,GBP,2025-04-11,09:35:15,13:35:15,17100001
100,22,10,Laptop MTO- Production-10-Dlfy,3300,GBP,2025-04-11,09:43:16,12:43:16,17100001
100,23,10,Laptop MTO- Production-10-Dlfy,1000,GBP,2025-04-14,06:16:02,09:16:02,17100001
100,24,10,Laptop MTO- Production-10-Dlfy,1300,GBP,2025-04-15,09:08:47,12:08:47,17100001
100,25,10,Laptop MTO- Production-10-Dlfy,2000,GBP,2025-04-21,10:11:43,13:11:43,17100001
100,26,10,Laptop MTO- Production-10-Dlfy,1100,GBP,2025-04-22,08:36:12,11:36:12,17100001
100,27,10,Laptop MTO- Production-10-Dlfy,1400,GBP,2025-04-23,09:07:52,11:07:52,17100001
100,28,10,Laptop MTO- Production-10-Dlfy,1500,GBP,2025-04-24,08:30:48,12:30:48,17100001
100,29,10,Laptop MTO- Production-10-Dlfy,1600,GBP,2025-04-25,09:58:38,12:58:38,17100001
100,30,10,Laptop MTO- Production-10-Dlfy,1200,GBP,2025-04-28,09:23:46,12:23:46,17100001
100,31,10,Laptop MTO- Production-10-Dlfy,1300,GBP,2025-04-30,11:38:10,15:38:10,17100001
100,32,10,Laptop MTO- Production-10-Dlfy,1200,GBP,2025-04-30,16:54:15,18:54:15,17100001
100,33,10,Laptop MTO- Production-10-Dlfy,1200,GBP,2025-05-06,15:23:08,17:23:08,17100001
100,34,10,Laptop MTO- Production-10-Dlfy,20000,GBP,2025-05-28,12:30:50,14:30:50,17100001
100,35,10,Laptop MTO- Production-10-Dlfy,20000,GBP,2025-05-29,15:38:34,17:38:34,17100001
100,36,10,Laptop MTO- Production-10-Dlfy,10000,GBP,2025-05-30,15:48:06,18:48:06,17100001
100,37,10,Laptop MTO- Production-10-Dlfy,20000,GBP,2025-06-03,17:02:39,21:02:39,17100001
100,38,10,Laptop MTO- Production-10-Dlfy,30000,GBP,2025-06-03,17:13:53,19:13:53,17100001
100,39,10,Laptop MTO- Production-10-Dlfy,20000,GBP,2025-06-04,16:47:17,20:47:17,17100001
100,40,10,Laptop MTO- Production-10-Dlfy,10000,GBP,2025-06-04,16:57:35,19:57:35,17100001
100,41,10,Laptop MTO- Production-10-Dlfy,20000,GBP,2025-06-09,14:37:08,16:37:08,17100001
100,42,10,Laptop MTO- Production-10-Dlfy,30000,GBP,2025-06-09,14:47:08,16:47:08,17100001
100,43,10,Laptop MTO- Production-10-Dlfy,30000,GBP,2025-06-10,13:44:10,17:44:10,17100001
100,44,10,Laptop MTO- Production-10-Dlfy,40000,GBP,2025-06-11,14:02:37,17:02:37,17100001
100,45,10,Laptop MTO- Production-10-Dlfy,30000,GBP,2025-06-11,14:07:15,18:07:15,17100001
100,46,10,Laptop MTO- Production-10-Dlfy,20000,GBP,2025-06-12,14:25:11,18:25:11,17100001
100,47,10,Laptop MTO- Production-10-Dlfy,40000,GBP,2025-06-12,15:20:15,18:20:15,17100001
100,48,10,Laptop MTO- Production-10-Dlfy,40000,GBP,2025-06-16,13:57:51,17:57:51,17100001
100,49,10,Laptop MTO- Production-10-Dlfy,70000,GBP,2025-06-16,14:04:57,18:04:57,17100001
100,50,10,Laptop MTO- Production-10-Dlfy,70000,GBP,2025-06-17,15:16:47,18:16:47,17100001
100,51,10,Laptop MTO- Production-10-Dlfy,30000,GBP,2025-06-17,15:26:37,17:26:37,17100001
100,52,10,Laptop MTO- Production-10-Dlfy,40000,GBP,2025-06-19,08:17:45,11:17:45,17100001
100,53,10,Laptop MTO- Production-10-Dlfy,50000,GBP,2025-06-20,16:53:57,19:53:57,17100001
100,54,10,Laptop MTO- Production-10-Dlfy,80000,GBP,2025-06-20,16:59:04,20:59:04,17100001
100,55,10,Laptop MTO- Production-10-Dlfy,70000,GBP,2025-06-23,09:50:05,12:50:05,17100001
100,56,10,Laptop MTO- Production-10-Dlfy,40000,GBP,2025-06-23,10:02:07,14:02:07,17100001
100,57,10,Laptop MTO- Production-10-Dlfy,30000,GBP,2025-06-23,10:04:38,13:04:38,17100001
100,58,10,Laptop MTO- Production-10-Dlfy,90000,GBP,2025-06-24,11:30:47,14:30:47,17100001
100,59,10,Laptop MTO- Production-10-Dlfy,50000,GBP,2025-06-24,11:35:44,15:35:44,17100001
100,60,10,Laptop MTO- Production-10-Dlfy,90000,GBP,2025-06-25,10:40:57,14:40:57,17100001
100,61,10,Laptop MTO- Production-10-Dlfy,50000,GBP,2025-06-25,10:48:46,13:48:46,17100001
100,62,10,Laptop MTO- Production-10-Dlfy,80000,GBP,2025-06-30,15:24:20,18:24:20,17100001
100,63,10,Laptop MTO- Production-10-Dlfy,40000,GBP,2025-06-30,15:38:59,19:38:59,17100001
100,64,10,Laptop MTO- Production-10-Dlfy,40000,GBP,2025-06-30,17:25:57,19:25:57,17100001
100,65,10,Laptop MTO- Production-10-Dlfy,70000,GBP,2025-06-30,17:36:00,21:36:00,17100001
100,66,10,Laptop MTO- Production-10-Dlfy,80000,GBP,2025-07-01,15:19:07,17:19:07,17100001
100,67,10,Laptop MTO- Production-10-Dlfy,60000,GBP,2025-07-01,15:28:21,17:28:21,17100001
100,68,10,Laptop MTO- Production-10-Dlfy,80000,GBP,2025-07-02,11:55:32,15:55:32,17100001
100,69,10,Laptop MTO- Production-10-Dlfy,100000,GBP,2025-07-02,12:03:52,16:03:52,17100001
100,70,10,Laptop MTO- Production-10-Dlfy,50000,GBP,2025-07-02,12:14:02,15:14:02,17100001
100,71,10,Laptop MTO- Production-10-Dlfy,60000,GBP,2025-07-02,13:53:04,15:53:04,17100001
100,72,10,Laptop MTO- Production-10-Dlfy,80000,GBP,2025-07-03,14:00:56,16:00:56,17100001
100,73,10,Laptop MTO- Production-10-Dlfy,80000,GBP,2025-07-03,19:21:21,22:21:21,17100001
100,74,10,Laptop MTO- Production-10-Dlfy,50000,GBP,2025-07-03,19:28:16,21:28:16,17100001
100,75,10,Laptop MTO- Production-10-Dlfy,30000,GBP,2025-07-03,19:33:43,23:33:43,17100001
100,76,10,Laptop MTO- Production-10-Dlfy,60000,GBP,2025-07-04,12:44:16,15:44:16,17100001
100,77,10,Laptop MTO- Production-10-Dlfy,40000,GBP,2025-07-04,12:49:45,16:49:45,17100001
100,78,10,Laptop MTO- Production-10-Dlfy,100000,GBP,2025-07-04,14:40:37,16:40:37,17100001
100,79,10,Laptop MTO- Production-10-Dlfy,90000,GBP,2025-07-04,15:13:48,17:13:48,17100001
100,80,10,Laptop MTO- Production-10-Dlfy,50000,GBP,2025-07-07,11:28:49,15:28:49,17100001
100,81,10,Laptop MTO- Production-10-Dlfy,30000,GBP,2025-07-07,11:34:22,14:34:22,17100001
100,82,10,Laptop MTO- Production-10-Dlfy,50000,GBP,2025-07-08,16:06:21,20:06:21,17100001
100,83,10,Laptop MTO- Production-10-Dlfy,30000,GBP,2025-07-08,16:10:44,20:10:44,17100001
100,84,10,Laptop MTO- Production-10-Dlfy,30000,GBP,2025-07-09,13:33:10,16:33:10,17100001
100,85,10,Laptop MTO- Production-10-Dlfy,20000,GBP,2025-07-09,13:37:38,17:37:38,17100001
100,86,10,Laptop MTO- Production-10-Dlfy,30000,GBP,2025-07-10,12:05:54,16:05:54,17100001
100,87,10,Laptop MTO- Production-10-Dlfy,10000,GBP,2025-07-10,12:12:26,15:12:26,17100001
100,88,10,Laptop MTO- Production-10-Dlfy,30000,GBP,2025-07-11,12:09:48,14:09:48,17100001
100,89,10,Laptop MTO- Production-10-Dlfy,20000,GBP,2025-07-11,12:20:27,14:20:27,17100001
100,90,10,Laptop MTO- Production-10-Dlfy,30000,GBP,2025-07-15,16:47:24,19:47:24,17100001
100,91,10,Laptop MTO- Production-10-Dlfy,10000,GBP,2025-07-15,16:52:46,19:52:46,17100001
100,92,10,Laptop MTO- Production-10-Dlfy,30000,GBP,2025-07-16,12:20:57,15:20:57,17100001
100,93,10,Laptop MTO- Production-10-Dlfy,20000,GBP,2025-07-16,12:26:09,15:26:09,17100001
100,94,10,Laptop MTO- Production-10-Dlfy,30000,GBP,2025-07-17,12:58:02,16:58:02,17100001
100,95,10,Laptop MTO- Production-10-Dlfy,20000,GBP,2025-07-17,13:05:46,15:05:46,17100001
100,96,10,Laptop MTO- Production-10-Dlfy,30000,GBP,2025-07-18,13:20:00,17:20:00,17100001
100,97,10,Laptop MTO- Production-10-Dlfy,20000,GBP,2025-07-18,13:25:47,15:25:47,17100001
100,98,10,Laptop MTO- Production-10-Dlfy,30000,GBP,2025-07-21,16:17:04,19:17:04,17100001
100,99,10,Laptop MTO- Production-10-Dlfy,10000,GBP,2025-07-21,16:26:03,20:26:03,17100001
100,100,10,Laptop MTO- Production-10-Dlfy,20000,GBP,2025-07-24,15:51:54,19:51:54,17100001
100,101,10,Laptop MTO- Production-10-Dlfy,10000,GBP,2025-07-24,16:41:28,19:41:28,17100001
100,102,10,Laptop MTO- Production-10-Dlfy,20000,GBP,2025-07-25,15:36:18,17:36:18,17100001
100,103,10,Laptop MTO- Production-10-Dlfy,10000,GBP,2025-07-25,15:41:02,17:41:02,17100001
100,104,10,Laptop MTO- Production-10-Dlfy,10000,GBP,2025-07-31,13:41:48,15:41:48,17100001
100,105,10,Laptop MTO- Production-10-Dlfy,20000,GBP,2025-08-01,14:02:17,17:02:17,17100001
100,106,10,Laptop MTO- Production-10-Dlfy,10000,GBP,2025-08-08,13:27:14,16:27:14,17100001
100,107,10,Laptop MTO- Production-10-Dlfy,20000,GBP,2025-08-13,14:03:39,17:03:39,17100001
100,108,10,Laptop MTO- Production-10-Dlfy,10000,GBP,2025-08-13,18:41:28,22:41:28,17100001
100,109,10,Laptop MTO- Production-10-Dlfy,40000,GBP,2025-08-14,09:41:00,12:41:00,17100001
100,110,10,Laptop MTO- Production-10-Dlfy,20000,GBP,2025-08-18,12:15:45,16:15:45,17100001
100,111,10,Laptop MTO- Production-10-Dlfy,30000,GBP,2025-08-18,12:23:47,16:23:47,17100001
100,112,10,Laptop MTO- Production-10-Dlfy,40000,GBP,2025-08-18,12:29:24,16:29:24,17100001
100,113,10,Laptop MTO- Production-10-Dlfy,20000,GBP,2025-08-25,11:03:17,13:03:17,17100001
100,114,10,Laptop MTO- Production-10-Dlfy,30000,GBP,2025-08-25,11:10:32,13:10:32,17100001
100,115,10,Laptop MTO- Production-10-Dlfy,20000,GBP,2025-08-26,13:33:57,16:33:57,17100001
100,116,10,Laptop MTO- Production-10-Dlfy,40000,GBP,2025-08-26,13:39:49,15:39:49,17100001
100,117,10,Laptop MTO- Production-10-Dlfy,20000,GBP,2025-08-27,09:56:00,13:56:00,17100001
100,118,10,Laptop MTO- Production-10-Dlfy,80000,GBP,2025-08-27,10:09:03,14:09:03,17100001
100,119,10,Laptop MTO- Production-10-Dlfy,20000,GBP,2025-08-28,13:56:17,15:56:17,17100001
100,120,10,Laptop MTO- Production-10-Dlfy,10000,GBP,2025-08-28,14:00:05,17:00:05,17100001
100,121,10,Laptop MTO- Production-10-Dlfy,40000,GBP,2025-09-02,08:08:46,10:08:46,17100001
100,122,10,Laptop MTO- Production-10-Dlfy,20000,GBP,2025-09-02,08:21:37,10:21:37,17100001
100,123,10,Laptop MTO- Production-10-Dlfy,30000,GBP,2025-09-02,13:58:09,15:58:09,17100001
100,124,10,Laptop MTO- Production-10-Dlfy,40000,GBP,2025-09-02,14:03:10,16:03:10,17100001
100,125,10,Laptop MTO- Production-10-Dlfy,90000,GBP,2025-09-03,13:33:18,15:33:18,17100001
100,126,10,Laptop MTO- Production-10-Dlfy,70000,GBP,2025-09-03,13:37:44,16:37:44,17100001
100,127,10,Laptop MTO- Production-10-Dlfy,40000,GBP,2025-09-09,12:32:57,14:32:57,17100001
100,128,10,Laptop MTO- Production-10-Dlfy,70000,GBP,2025-09-09,12:39:49,15:39:49,17100001
100,129,10,Laptop MTO- Production-10-Dlfy,30000,GBP,2025-09-09,12:45:23,16:45:23,17100001
100,130,10,Laptop MTO- Production-10-Dlfy,30000,GBP,2025-09-10,10:11:47,12:11:47,17100001
100,131,10,Laptop MTO- Production-10-Dlfy,20000,GBP,2025-09-10,10:16:37,14:16:37,17100001
100,132,10,Laptop MTO- Production-10-Dlfy,40000,GBP,2025-09-10,10:23:28,14:23:28,17100001
100,133,10,Laptop MTO- Production-10-Dlfy,50000,GBP,2025-09-10,11:19:06,13:19:06,17100001
100,134,10,Laptop MTO- Production-10-Dlfy,40000,GBP,2025-09-11,12:24:18,15:24:18,17100001
100,135,10,Laptop MTO- Production-10-Dlfy,30000,GBP,2025-09-11,12:36:28,16:36:28,17100001
100,136,10,Laptop MTO- Production-10-Dlfy,50000,GBP,2025-09-11,12:42:57,15:42:57,17100001
100,137,10,Laptop MTO- Production-10-Dlfy,60000,GBP,2025-09-11,12:48:39,16:48:39,17100001
100,138,10,Laptop MTO- Production-10-Dlfy,70000,GBP,2025-09-11,12:49:21,14:49:21,17100001
100,139,10,Laptop MTO- Production-10-Dlfy,40000,GBP,2025-09-11,12:49:57,15:49:57,17100001
100,140,10,Laptop MTO- Production-10-Dlfy,60000,GBP,2025-09-11,12:50:38,15:50:38,17100001
100,141,10,Laptop MTO- Production-10-Dlfy,100000,GBP,2025-09-11,12:51:21,15:51:21,17100001
100,142,10,Laptop MTO- Production-10-Dlfy,50000,GBP,2025-09-12,09:17:21,12:17:21,17100001
100,143,10,Laptop MTO- Production-10-Dlfy,2000,GBP,2025-09-16,13:29:30,16:29:30,17100001
100,144,10,Laptop MTO- Production-10-Dlfy,1000,GBP,2025-09-16,14:22:43,16:22:43,4100000020
100,145,10,Laptop MTO- Production-10-Dlfy,1200,GBP,2025-09-16,14:33:59,18:33:59,4100000021
100,146,10,Laptop MTO- Production-10-Dlfy,500,GBP,2025-09-16,14:40:53,16:40:53,4100000022
100,147,10,Laptop MTO- Production-10-Dlfy,900,GBP,2025-09-16,14:43:02,17:43:02,4100000023
100,148,10,Laptop MTO- Production-10-Dlfy,600,GBP,2025-09-16,14:45:16,17:45:16,4100000024
100,149,10,Laptop MTO- Production-10-Dlfy,30000,GBP,2025-09-17,05:18:37,08:18:37,17100001
100,150,10,Laptop MTO- Production-10-Dlfy,30000,GBP,2025-09-22,10:40:02,12:40:02,17100001
100,151,10,Laptop MTO- Production-10-Dlfy,20000,GBP,2025-09-22,10:45:25,14:45:25,17100001
100,152,10,Laptop MTO- Production-10-Dlfy,10000,GBP,2025-09-22,10:49:14,13:49:14,17100001
100,153,10,Laptop MTO- Production-10-Dlfy,40000,GBP,2025-09-22,10:53:16,13:53:16,17100001
100,154,10,Laptop MTO- Production-10-Dlfy,20000,GBP,2025-09-22,14:41:37,17:41:37,17100001
100,155,10,Laptop MTO- Production-10-Dlfy,40000,GBP,2025-09-22,14:47:20,17:47:20,17100001
100,156,10,Laptop MTO- Production-10-Dlfy,20000,GBP,2025-09-22,14:54:52,17:54:52,17100001
100,157,10,Laptop MTO- Production-10-Dlfy,40000,GBP,2025-09-24,16:03:21,19:03:21,17100001
100,158,10,Laptop MTO- Production-10-Dlfy,30000,GBP,2025-09-24,16:08:02,18:08:02,17100001
100,159,10,Laptop MTO- Production-10-Dlfy,50000,GBP,2025-09-24,16:11:31,20:11:31,17100001
100,160,10,Laptop MTO- Production-10-Dlfy,30000,GBP,2025-09-25,13:09:21,17:09:21,17100001
100,161,10,Laptop MTO- Production-10-Dlfy,20000,GBP,2025-09-25,13:13:46,16:13:46,17100001
100,162,10,Laptop MTO- Production-10-Dlfy,20000,GBP,2025-09-26,08:23:22,11:23:22,17100001
100,163,10,Laptop MTO- Production-10-Dlfy,20000,GBP,2025-09-26,08:26:57,10:26:57,17100001
100,164,10,Laptop MTO- Production-10-Dlfy,40000,GBP,2025-09-29,10:22:53,14:22:53,17100001
100,165,10,Laptop MTO- Production-10-Dlfy,10000,GBP,2025-09-29,10:29:42,13:29:42,17100001
100,166,10,Laptop MTO- Production-10-Dlfy,10000,GBP,2025-09-29,13:48:34,16:48:34,17100001
100,167,10,Laptop MTO- Production-10-Dlfy,20000,GBP,2025-09-29,14:10:36,16:10:36,17100001
100,168,10,Laptop MTO- Production-10-Dlfy,10000,GBP,2025-09-29,14:14:24,16:14:24,17100001
100,169,10,Laptop MTO- Production-10-Dlfy,30000,GBP,2025-09-30,09:58:18,11:58:18,17100001
100,170,10,Laptop MTO- Production-10-Dlfy,10000,GBP,2025-09-30,10:12:39,13:12:39,17100001
100,171,10,Laptop MTO- Production-10-Dlfy,10000,GBP,2025-10-01,09:42:59,13:42:59,17100001
100,172,10,Laptop MTO- Production-10-Dlfy,20000,GBP,2025-10-01,09:47:37,13:47:37,17100001
100,173,10,Laptop MTO- Production-10-Dlfy,20000,GBP,2025-10-03,10:18:15,13:18:15,17100001
100,174,10,Laptop MTO- Production-10-Dlfy,10000,GBP,2025-10-03,10:22:32,13:22:32,17100001
100,175,10,Laptop MTO- Production-10-Dlfy,20000,GBP,2025-10-07,12:02:06,15:02:06,17100001
100,176,10,Laptop MTO- Production-10-Dlfy,10000,GBP,2025-10-07,12:08:18,16:08:18,17100001
100,177,10,Laptop MTO- Production-10-Dlfy,10000,GBP,2025-10-08,15:39:04,17:39:04,17100001
100,178,10,Laptop MTO- Production-10-Dlfy,20000,GBP,2025-10-08,15:47:52,18:47:52,17100001
100,179,10,Laptop MTO- Production-10-Dlfy,10000,GBP,2025-10-08,15:58:18,19:58:18,17100001
100,180,10,Laptop MTO- Production-10-Dlfy,10000,GBP,2025-10-09,12:31:49,14:31:49,17100001
100,181,10,Laptop MTO- Production-10-Dlfy,20000,GBP,2025-10-09,12:40:10,14:40:10,17100001
100,182,10,Laptop MTO- Production-10-Dlfy,10000,GBP,2025-10-10,11:28:48,14:28:48,17100001
100,183,10,Laptop MTO- Production-10-Dlfy,20000,GBP,2025-10-10,11:34:22,15:34:22,17100001
100,184,10,Laptop MTO- Production-10-Dlfy,20000,GBP,2025-10-13,06:45:59,09:45:59,17100001
100,185,10,Laptop MTO- Production-10-Dlfy,40000,GBP,2025-10-13,06:49:41,10:49:41,17100001
100,186,10,Laptop MTO- Production-10-Dlfy,10000,GBP,2025-10-13,10:26:05,14:26:05,17100001
100,187,10,Laptop MTO- Production-10-Dlfy,20000,GBP,2025-10-13,10:29:50,12:29:50,17100001
100,188,10,Laptop MTO- Production-10-Dlfy,10000,GBP,2025-10-22,13:15:08,17:15:08,17100001
100,189,10,Laptop MTO- Production-10-Dlfy,20000,GBP,2025-10-22,13:18:23,16:18:23,17100001
100,190,10,Laptop MTO- Production-10-Dlfy,10000,GBP,2025-10-22,14:48:29,16:48:29,17100001
100,191,10,Laptop MTO- Production-10-Dlfy,20000,GBP,2025-10-22,14:53:19,18:53:19,17100001
100,192,10,Laptop MTO- Production-10-Dlfy,10000,GBP,2025-10-29,09:31:41,13:31:41,17100001
100,193,10,Laptop MTO- Production-10-Dlfy,20000,GBP,2025-10-29,09:36:08,12:36:08,17100001
100,194,10,Laptop MTO- Production-10-Dlfy,30000,GBP,2025-10-29,09:41:10,13:41:10,17100001
100,195,10,Laptop MTO- Production-10-Dlfy,50000,GBP,2025-10-29,09:50:48,12:50:48,17100001
100,196,10,Laptop MTO- Production-10-Dlfy,30000,GBP,2025-10-29,10:06:14,12:06:14,17100001
100,197,10,Laptop MTO- Production-10-Dlfy,100000,GBP,2025-10-29,13:20:33,16:20:33,17100001
100,198,10,Laptop MTO- Production-10-Dlfy,110000,GBP,2025-10-29,13:25:41,16:25:41,17100001
100,199,10,Laptop MTO- Production-10-Dlfy,150000,GBP,2025-10-29,13:30:52,15:30:52,17100001
100,200,10,Laptop MTO- Production-10-Dlfy,200000,GBP,2025-10-29,13:36:37,16:36:37,17100001
100,201,10,Laptop MTO- Production-10-Dlfy,50000,GBP,2025-10-31,09:40:40,11:40:40,17100001
100,202,10,Laptop MTO- Production-10-Dlfy,150000,GBP,2025-10-31,09:46:56,12:46:56,17100001
100,203,10,Laptop MTO- Production-10-Dlfy,20000,GBP,2025-10-31,09:51:15,12:51:15,17100001
100,204,10,Laptop MTO- Production-10-Dlfy,10000,GBP,2025-10-31,09:57:37,13:57:37,17100001
100,205,10,Laptop MTO- Production-10-Dlfy,40000,GBP,2025-10-31,10:02:53,13:02:53,17100001
100,206,10,Laptop MTO- Production-10-Dlfy,20000,GBP,2025-10-31,10:15:22,12:15:22,17100001
100,207,10,Laptop MTO- Production-10-Dlfy,30000,GBP,2025-11-03,08:28:01,12:28:01,17100001
100,208,10,Laptop MTO- Production-10-Dlfy,10000,GBP,2025-11-03,10:39:44,12:39:44,17100001
100,209,10,Laptop MTO- Production-10-Dlfy,40000,GBP,2025-11-03,12:58:58,16:58:58,17100001
100,210,10,Laptop MTO- Production-10-Dlfy,20000,GBP,2025-11-03,13:04:36,15:04:36,17100001
100,211,10,Laptop MTO- Production-10-Dlfy,10000,GBP,2025-11-03,13:08:37,15:08:37,17100001
100,212,10,Laptop MTO- Production-10-Dlfy,20000,GBP,2025-11-04,13:28:43,15:28:43,17100001
100,213,10,Laptop MTO- Production-10-Dlfy,10000,GBP,2025-11-04,13:33:24,15:33:24,17100001
100,214,10,Laptop MTO- Production-10-Dlfy,20000,GBP,2025-11-05,15:20:18,17:20:18,17100001
100,215,10,Laptop MTO- Production-10-Dlfy,10000,GBP,2025-11-05,15:25:42,17:25:42,17100001
100,216,10,Laptop MTO- Production-10-Dlfy,30000,GBP,2025-11-05,15:28:48,17:28:48,17100001
100,217,10,Laptop MTO- Production-10-Dlfy,10000,GBP,2025-11-05,15:32:11,17:32:11,17100001
100,218,10,Laptop MTO- Production-10-Dlfy,10000,GBP,2025-11-06,08:55:22,12:55:22,17100001
100,219,10,Laptop MTO- Production-10-Dlfy,20000,GBP,2025-11-06,09:00:17,13:00:17,17100001
100,220,10,Laptop MTO- Production-10-Dlfy,30000,GBP,2025-11-06,09:04:12,13:04:12,17100001
100,221,10,Laptop MTO- Production-10-Dlfy,10000,GBP,2025-11-07,10:08:21,14:08:21,17100001
100,222,10,Laptop MTO- Production-10-Dlfy,20000,GBP,2025-11-07,10:15:45,12:15:45,17100001
100,223,10,Laptop MTO- Production-10-Dlfy,20000,GBP,2025-11-07,11:49:09,15:49:09,17100001
100,224,10,Laptop MTO- Production-10-Dlfy,10000,GBP,2025-11-10,07:24:12,11:24:12,17100001
100,225,10,Laptop MTO- Production-10-Dlfy,20000,GBP,2025-11-10,07:28:05,10:28:05,17100001
100,226,10,Laptop MTO- Production-10-Dlfy,10000,GBP,2025-11-11,09:05:54,13:05:54,17100001
100,227,10,Laptop MTO- Production-10-Dlfy,20000,GBP,2025-11-11,09:11:24,12:11:24,17100001
100,228,10,Laptop MTO- Production-10-Dlfy,10000,GBP,2025-11-12,08:45:35,11:45:35,17100001
100,229,10,Laptop MTO- Production-10-Dlfy,20000,GBP,2025-11-12,08:56:39,10:56:39,17100001
100,230,10,Laptop MTO- Production-10-Dlfy,20000,GBP,2025-11-13,09:29:31,13:29:31,17100001
100,231,10,Laptop MTO- Production-10-Dlfy,10000,GBP,2025-11-13,09:35:12,11:35:12,17100001
100,232,10,Laptop MTO- Production-10-Dlfy,10000,GBP,2025-11-13,09:40:35,12:40:35,17100001
100,233,10,Laptop MTO- Production-10-Dlfy,10000,GBP,2025-11-17,09:10:20,13:10:20,17100001
100,234,10,Laptop MTO- Production-10-Dlfy,20000,GBP,2025-11-17,09:19:31,13:19:31,17100001
100,235,10,Laptop MTO- Production-10-Dlfy,10000,GBP,2025-11-17,09:35:54,13:35:54,17100001
100,236,10,Laptop MTO- Production-10-Dlfy,10000,GBP,2025-11-18,10:34:22,13:34:22,17100001
100,237,10,Laptop MTO- Production-10-Dlfy,20000,GBP,2025-11-18,10:42:26,12:42:26,17100001
100,238,10,Laptop MTO- Production-10-Dlfy,10000,GBP,2025-11-19,08:44:56,12:44:56,17100001
100,239,10,Laptop MTO- Production-10-Dlfy,30000,GBP,2025-11-19,08:49:53,10:49:53,17100001
100,240,10,Laptop MTO- Production-10-Dlfy,10000,GBP,2025-11-21,11:45:48,13:45:48,17100001
100,241,10,Laptop MTO- Production-10-Dlfy,30000,GBP,2025-11-21,12:08:16,15:08:16,17100001
100,242,10,Laptop MTO- Production-10-Dlfy,10000,GBP,2025-11-24,09:03:07,11:03:07,17100001
100,243,10,Laptop MTO- Production-10-Dlfy,20000,GBP,2025-11-24,09:17:27,11:17:27,17100001
100,244,10,Laptop MTO- Production-10-Dlfy,10000,GBP,2025-11-25,09:03:05,12:03:05,17100001
100,245,10,Laptop MTO- Production-10-Dlfy,20000,GBP,2025-11-25,09:07:23,12:07:23,17100001
100,246,10,Laptop MTO- Production-10-Dlfy,10000,GBP,2025-11-25,10:28:25,13:28:25,17100001
100,247,10,Laptop MTO- Production-10-Dlfy,10000,GBP,2025-11-25,10:46:27,13:46:27,17100001
100,248,10,Laptop MTO- Production-10-Dlfy,10000,GBP,2025-11-26,10:02:04,12:02:04,17100001
100,249,10,Laptop MTO- Production-10-Dlfy,20000,GBP,2025-11-26,10:06:17,12:06:17,17100001
100,250,10,Laptop MTO- Production-10-Dlfy,10000,GBP,2025-11-26,12:55:36,16:55:36,17100001
100,251,10,Laptop MTO- Production-10-Dlfy,10000,GBP,2025-11-27,10:22:25,12:22:25,17100001
100,252,10,Laptop MTO- Production-10-Dlfy,30000,GBP,2025-11-27,10:36:49,12:36:49,17100001
100,253,10,Laptop MTO- Production-10-Dlfy,10000,GBP,2025-11-28,10:01:48,13:01:48,17100001
100,254,10,Laptop MTO- Production-10-Dlfy,30000,GBP,2025-11-28,10:09:13,12:09:13,17100001
100,255,10,Laptop MTO- Production-10-Dlfy,10000,GBP,2025-12-01,09:20:57,12:20:57,17100001
100,256,10,Laptop MTO- Production-10-Dlfy,10000,GBP,2025-12-01,09:27:13,12:27:13,17100001
100,257,10,Laptop MTO- Production-10-Dlfy,10000,GBP,2025-12-12,13:06:22,16:06:22,17100001
100,258,10,Laptop MTO- Production-10-Dlfy,30000,GBP,2025-12-12,13:09:52,15:09:52,17100001
100,259,10,Laptop MTO- Production-10-Dlfy,70000,GBP,2025-12-12,13:12:51,16:12:51,17100001
100,260,10,Laptop MTO- Production-10-Dlfy,10000,GBP,2025-12-12,13:18:35,16:18:35,17100001
100,261,10,Laptop MTO- Production-10-Dlfy,20000,GBP,2025-12-12,13:36:06,16:36:06,17100001
100,262,10,Laptop MTO- Production-10-Dlfy,10000,GBP,2025-12-15,10:24:13,14:24:13,17100001
100,263,10,Laptop MTO- Production-10-Dlfy,10000,GBP,2025-12-18,11:29:10,15:29:10,17100001
100,264,10,Laptop MTO- Production-10-Dlfy,20000,GBP,2025-12-18,11:34:17,14:34:17,17100001
100,265,10,Laptop MTO- Production-10-Dlfy,30000,GBP,2025-12-18,11:55:15,14:55:15,17100001
100,266,10,Laptop MTO- Production-10-Dlfy,10000,GBP,2025-12-22,09:01:35,13:01:35,17100001
100,267,10,Laptop MTO- Production-10-Dlfy,10000,GBP,2025-12-22,09:07:58,13:07:58,17100001
100,268,10,Laptop MTO- Production-10-Dlfy,10000,GBP,2025-12-22,10:40:25,13:40:25,17100001
100,269,10,Laptop MTO- Production-10-Dlfy,10000,GBP,2025-12-29,11:49:02,13:49:02,17100001
100,270,10,Laptop MTO- Production-10-Dlfy,20000,GBP,2025-12-29,11:54:25,15:54:25,17100001
100,271,10,Laptop MTO- Production-10-Dlfy,10000,GBP,2025-12-30,10:17:43,13:17:43,17100001
100,272,10,Laptop MTO- Production-10-Dlfy,10000,GBP,2025-12-30,10:21:25,12:21:25,17100001
100,273,10,Laptop MTO- Production-10-Dlfy,10000,GBP,2025-12-31,10:50:58,12:50:58,17100001
100,274,10,Laptop MTO- Production-10-Dlfy,20000,GBP,2025-12-31,10:55:08,12:55:08,17100001
100,275,10,Laptop MTO- Production-10-Dlfy,10000,GBP,2026-01-02,09:39:44,11:39:44,17100001
100,276,10,Laptop MTO- Production-10-Dlfy,10000,GBP,2026-01-02,09:49:41,12:49:41,17100001
100,277,10,Laptop MTO- Production-10-Dlfy,10000,GBP,2026-01-02,12:56:59,15:56:59,17100001
100,278,10,Laptop MTO- Production-10-Dlfy,10000,GBP,2026-01-02,13:03:06,16:03:06,17100001
100,279,10,Laptop MTO- Production-10-Dlfy,10000,GBP,2026-01-05,09:32:15,12:32:15,17100001
100,280,10,Laptop MTO- Production-10-Dlfy,10000,GBP,2026-01-05,09:42:14,13:42:14,17100001
100,281,10,Laptop MTO- Production-10-Dlfy,10000,GBP,2026-01-06,10:30:54,12:30:54,17100001
100,282,10,Laptop MTO- Production-10-Dlfy,10000,GBP,2026-01-06,12:28:47,16:28:47,17100001
100,283,10,Laptop MTO- Production-10-Dlfy,10000,GBP,2026-01-06,12:31:41,14:31:41,17100001
100,284,10,Laptop MTO- Production-10-Dlfy,10000,GBP,2026-01-06,12:50:53,14:50:53,17100001
100,285,10,Laptop MTO- Production-10-Dlfy,10000,GBP,2026-01-07,07:14:40,10:14:40,17100001
100,286,10,Laptop MTO- Production-10-Dlfy,10000,GBP,2026-01-07,07:19:37,11:19:37,17100001
100,287,10,Laptop MTO- Production-10-Dlfy,10000,GBP,2026-01-07,11:08:57,14:08:57,17100001
100,288,10,Laptop MTO- Production-10-Dlfy,10000,GBP,2026-01-07,11:15:25,15:15:25,17100001
100,289,10,Laptop MTO- Production-10-Dlfy,10000,GBP,2026-01-07,11:17:20,13:17:20,17100001
100,290,10,Laptop MTO- Production-10-Dlfy,10000,GBP,2026-01-09,09:19:14,13:19:14,17100001
100,291,10,Laptop MTO- Production-10-Dlfy,10000,GBP,2026-01-09,09:23:32,12:23:32,17100001
100,292,10,Laptop MTO- Production-10-Dlfy,10000,GBP,2026-01-12,08:38:58,10:38:58,17100001
100,293,10,Laptop MTO- Production-10-Dlfy,10000,GBP,2026-01-12,08:41:13,10:41:13,17100001
100,294,10,Laptop MTO- Production-10-Dlfy,10000,GBP,2026-01-12,08:48:08,11:48:08,17100001
100,295,10,Laptop MTO- Production-10-Dlfy,10000,GBP,2026-01-13,15:00:51,18:00:51,17100001
100,296,10,Laptop MTO- Production-10-Dlfy,10000,GBP,2026-01-13,15:25:17,18:25:17,17100001
100,297,10,Laptop MTO- Production-10-Dlfy,10000,GBP,2026-01-16,09:29:34,11:29:34,17100001
100,298,10,Laptop MTO- Production-10-Dlfy,10000,GBP,2026-01-16,09:33:01,11:33:01,17100001
100,299,10,Laptop MTO- Production-10-Dlfy,10000,GBP,2026-01-19,07:15:09,10:15:09,17100001
100,300,10,Laptop MTO- Production-10-Dlfy,10000,GBP,2026-01-19,07:19:08,11:19:08,17100001
100,301,10,Laptop MTO- Production-10-Dlfy,100,GBP,2026-01-19,12:08:05,15:08:05,17100001
100,302,10,Laptop MTO- Production-10-Dlfy,10000,GBP,2026-01-19,14:56:16,17:56:16,17100001
100,303,10,Laptop MTO- Production-10-Dlfy,10000,GBP,2026-01-21,07:08:10,11:08:10,17100001
100,304,10,Laptop MTO- Production-10-Dlfy,10000,GBP,2026-01-21,07:11:36,11:11:36,17100001
100,305,10,Laptop MTO- Production-10-Dlfy,10000,GBP,2026-01-22,09:46:47,12:46:47,17100001
100,306,10,Laptop MTO- Production-10-Dlfy,20000,GBP,2026-01-22,09:50:40,11:50:40,17100001
100,307,10,Laptop MTO- Production-10-Dlfy,10000,GBP,2026-01-23,07:34:14,11:34:14,17100001
100,308,10,Laptop MTO- Production-10-Dlfy,20000,GBP,2026-01-23,07:37:35,09:37:35,17100001
100,309,10,Laptop MTO- Production-10-Dlfy,30000,GBP,2026-01-23,07:40:51,09:40:51,17100001
100,310,10,Laptop MTO- Production-10-Dlfy,10000,GBP,2026-01-28,08:45:42,11:45:42,17100001
100,311,10,Laptop MTO- Production-10-Dlfy,10000,GBP,2026-01-28,08:50:31,11:50:31,17100001
100,312,10,Laptop MTO- Production-10-Dlfy,10000,GBP,2026-02-02,15:32:17,19:32:17,17100001
100,313,10,Laptop MTO- Production-10-Dlfy,10000,GBP,2026-02-02,15:37:09,19:37:09,17100001
100,314,10,Laptop MTO- Production-10-Dlfy,10000,GBP,2026-02-02,15:44:22,18:44:22,17100001
100,315,10,Laptop MTO- Production-10-Dlfy,10000,GBP,2026-02-05,09:44:29,13:44:29,17100001
100,316,10,Laptop MTO- Production-10-Dlfy,10000,GBP,2026-02-05,09:51:28,12:51:28,17100001
100,317,10,Laptop MTO- Production-10-Dlfy,1000,GBP,2026-02-09,09:40:31,12:40:31,17100001
100,318,10,Laptop MTO- Production-10-Dlfy,500,GBP,2026-02-09,09:56:57,13:56:57,17100001
100,319,10,Laptop MTO- Production-10-Dlfy,500,GBP,2026-02-09,10:02:13,13:02:13,17100001
100,320,10,Laptop MTO- Production-10-Dlfy,1000,GBP,2026-02-09,11:44:39,15:44:39,17100001
100,321,10,Laptop MTO- Production-10-Dlfy,10000,GBP,2026-02-09,12:12:29,15:12:29,17100001
100,322,10,Laptop MTO- Production-10-Dlfy,10000,GBP,2026-02-09,12:20:04,16:20:04,17100001
100,323,10,Laptop MTO- Production-10-Dlfy,10000,GBP,2026-02-10,08:38:31,12:38:31,17100001
100,324,10,Laptop MTO- Production-10-Dlfy,10000,GBP,2026-02-10,08:48:22,12:48:22,17100001
100,325,10,Laptop MTO- Production-10-Dlfy,30000,GBP,2026-02-10,09:36:46,13:36:46,17100001
100,326,10,Laptop MTO- Production-10-Dlfy,40000,GBP,2026-02-10,09:42:38,13:42:38,17100001
100,327,10,Laptop MTO- Production-10-Dlfy,20000,GBP,2026-02-10,12:10:48,16:10:48,17100001
100,328,10,Laptop MTO- Production-10-Dlfy,10000,GBP,2026-02-10,13:02:20,15:02:20,17100001
100,329,10,Laptop MTO- Production-10-Dlfy,20000,GBP,2026-02-10,13:17:08,17:17:08,17100001
100,330,10,Laptop MTO- Production-10-Dlfy,10000,GBP,2026-02-17,13:27:29,17:27:29,17100001
100,331,10,Laptop MTO- Production-10-Dlfy,10000,GBP,2026-02-19,08:50:59,12:50:59,17100001
100,332,10,Laptop MTO- Production-10-Dlfy,10000,GBP,2026-02-20,12:15:27,15:15:27,17100001
100,333,10,Laptop MTO- Production-10-Dlfy,10000,GBP,2026-02-23,11:57:18,13:57:18,17100001
100,334,10,Laptop MTO- Production-10-Dlfy,10000,GBP,2026-02-24,06:33:15,08:33:15,17100001
100,335,10,Laptop MTO- Production-10-Dlfy,20000,GBP,2026-02-24,06:39:57,10:39:57,17100001
100,336,10,Laptop MTO- Production-10-Dlfy,10000,GBP,2026-03-23,13:58:26,15:58:26,17100001
100,337,10,Laptop MTO- Production-10-Dlfy,10000,GBP,2026-03-23,14:08:10,17:08:10,17100001
100,338,10,Laptop MTO- Production-10-Dlfy,20000,GBP,2026-03-24,07:00:41,10:00:41,17100001
100,339,10,Laptop MTO- Production-10-Dlfy,20000,GBP,2026-03-24,07:07:40,11:07:40,17100001
100,340,10,Laptop MTO- Production-10-Dlfy,480000,GBP,2026-03-24,07:19:14,10:19:14,17100001
100,341,10,Laptop MTO- Production-10-Dlfy,480000,GBP,2026-03-24,08:03:22,10:03:22,17100001
100,342,10,Laptop MTO- Production-10-Dlfy,490000,GBP,2026-03-24,08:05:06,12:05:06,17100001
100,343,10,Laptop MTO- Production-10-Dlfy,570000,GBP,2026-03-24,08:06:36,10:06:36,17100001
100,344,10,Laptop MTO- Production-10-Dlfy,530000,GBP,2026-03-24,08:08:04,10:08:04,17100001
100,345,10,Laptop MTO- Production-10-Dlfy,510000,GBP,2026-03-24,08:09:22,10:09:22,17100001
100,346,10,Laptop MTO- Production-10-Dlfy,480000,GBP,2026-03-24,08:11:35,10:11:35,17100001
100,347,10,Laptop MTO- Production-10-Dlfy,500000,GBP,2026-03-24,09:43:40,13:43:40,17100001
100,348,10,Laptop MTO- Production-10-Dlfy,550000,GBP,2026-03-24,09:46:23,13:46:23,17100001
100,349,10,Laptop MTO- Production-10-Dlfy,580000,GBP,2026-03-24,09:48:19,13:48:19,17100001
100,350,10,Laptop MTO- Production-10-Dlfy,600000,GBP,2026-03-24,09:49:23,11:49:23,17100001
100,351,10,Laptop MTO- Production-10-Dlfy,550000,GBP,2026-03-24,09:50:42,11:50:42,17100001
100,352,10,Laptop MTO- Production-10-Dlfy,100000,GBP,2026-03-24,12:47:50,16:47:50,17100001
100,353,10,Laptop MTO- Production-10-Dlfy,90000,GBP,2026-03-24,12:51:03,16:51:03,17100001
100,354,10,Laptop MTO- Production-10-Dlfy,80000,GBP,2026-03-24,12:54:27,14:54:27,17100001
100,355,10,Laptop MTO- Production-10-Dlfy,70000,GBP,2026-03-24,12:57:01,16:57:01,17100001
100,356,10,Laptop MTO- Production-10-Dlfy,60000,GBP,2026-03-24,13:02:29,15:02:29,17100001
100,357,10,Laptop MTO- Production-10-Dlfy,100000,GBP,2026-03-24,13:09:18,15:09:18,17100001
100,358,10,Laptop MTO- Production-10-Dlfy,120000,GBP,2026-03-24,13:11:00,17:11:00,17100001
100,359,10,Laptop MTO- Production-10-Dlfy,130000,GBP,2026-03-24,13:12:26,15:12:26,17100001
100,360,10,Laptop MTO- Production-10-Dlfy,140000,GBP,2026-03-24,13:14:03,16:14:03,17100001
100,361,10,Laptop MTO- Production-10-Dlfy,150000,GBP,2026-03-24,13:15:36,16:15:36,17100001
100,362,10,Laptop MTO- Production-10-Dlfy,160000,GBP,2026-03-24,13:16:38,16:16:38,17100001
100,363,10,Laptop MTO- Production-10-Dlfy,170000,GBP,2026-03-24,13:17:36,15:17:36,17100001
100,364,10,Laptop MTO- Production-10-Dlfy,190000,GBP,2026-03-24,13:18:34,17:18:34,17100001
100,365,10,Laptop MTO- Production-10-Dlfy,100000,GBP,2026-03-24,13:20:47,15:20:47,17100001
100,366,10,Laptop MTO- Production-10-Dlfy,110000,GBP,2026-03-24,13:23:32,17:23:32,17100001
100,367,10,Laptop MTO- Production-10-Dlfy,100000,GBP,2026-03-25,07:36:35,09:36:35,17100001
100,368,10,Laptop MTO- Production-10-Dlfy,90000,GBP,2026-03-25,07:38:12,09:38:12,17100001
100,369,10,Laptop MTO- Production-10-Dlfy,80000,GBP,2026-03-25,07:43:20,11:43:20,17100001
100,370,10,Laptop MTO- Production-10-Dlfy,70000,GBP,2026-03-25,07:54:13,11:54:13,17100001
100,371,10,Laptop MTO- Production-10-Dlfy,60000,GBP,2026-03-25,07:57:38,10:57:38,17100001
100,372,10,Laptop MTO- Production-10-Dlfy,110000,GBP,2026-03-25,07:59:49,11:59:49,17100001
100,373,10,Laptop MTO- Production-10-Dlfy,120000,GBP,2026-03-25,08:04:32,11:04:32,17100001
100,374,10,Laptop MTO- Production-10-Dlfy,130000,GBP,2026-03-25,08:05:39,12:05:39,17100001
100,375,10,Laptop MTO- Production-10-Dlfy,140000,GBP,2026-03-25,08:06:42,11:06:42,17100001
100,376,10,Laptop MTO- Production-10-Dlfy,150000,GBP,2026-03-25,08:07:52,10:07:52,17100001
100,377,10,Laptop MTO- Production-10-Dlfy,160000,GBP,2026-03-25,08:08:42,11:08:42,17100001
100,378,10,Laptop MTO- Production-10-Dlfy,170000,GBP,2026-03-25,08:09:43,11:09:43,17100001
100,379,10,Laptop MTO- Production-10-Dlfy,180000,GBP,2026-03-25,08:10:42,10:10:42,17100001
100,380,10,Laptop MTO- Production-10-Dlfy,190000,GBP,2026-03-25,08:14:38,10:14:38,17100001
100,381,10,Laptop MTO- Production-10-Dlfy,200000,GBP,2026-03-25,08:16:26,10:16:26,17100001
100,382,10,Laptop MTO- Production-10-Dlfy,100000,GBP,2026-03-25,15:21:45,19:21:45,17100001
100,383,10,Laptop MTO- Production-10-Dlfy,110000,GBP,2026-03-25,15:23:34,19:23:34,17100001
100,384,10,Laptop MTO- Production-10-Dlfy,120000,GBP,2026-03-25,15:24:27,17:24:27,17100001
100,385,10,Laptop MTO- Production-10-Dlfy,480000,GBP,2026-03-25,15:26:24,19:26:24,17100001
100,386,10,Laptop MTO- Production-10-Dlfy,130000,GBP,2026-03-25,15:28:21,18:28:21,17100001
100,387,10,Laptop MTO- Production-10-Dlfy,570000,GBP,2026-03-25,15:30:43,19:30:43,17100001
100,388,10,Laptop MTO- Production-10-Dlfy,530000,GBP,2026-03-26,05:36:40,09:36:40,17100001
100,389,10,Laptop MTO- Production-10-Dlfy,510000,GBP,2026-03-26,05:41:04,09:41:04,17100001
100,390,10,Laptop MTO- Production-10-Dlfy,480000,GBP,2026-03-26,05:44:42,07:44:42,17100001
100,391,10,Laptop MTO- Production-10-Dlfy,500000,GBP,2026-03-26,05:47:24,09:47:24,17100001
100,392,10,Laptop MTO- Production-10-Dlfy,550000,GBP,2026-03-26,05:49:15,09:49:15,17100001
100,393,10,Laptop MTO- Production-10-Dlfy,580000,GBP,2026-03-26,05:51:32,09:51:32,17100001
100,394,10,Laptop MTO- Production-10-Dlfy,600000,GBP,2026-03-26,05:57:25,07:57:25,17100001
100,395,10,Laptop MTO- Production-10-Dlfy,550000,GBP,2026-03-26,05:59:58,08:59:58,17100001
100,396,10,Laptop MTO- Production-10-Dlfy,100000,GBP,2026-03-26,08:36:09,12:36:09,17100001
100,397,10,Laptop MTO- Production-10-Dlfy,90000,GBP,2026-03-26,08:59:32,11:59:32,17100001
100,398,10,Laptop MTO- Production-10-Dlfy,80000,GBP,2026-03-26,09:13:15,11:13:15,17100001
100,399,10,Laptop MTO- Production-10-Dlfy,70000,GBP,2026-03-26,09:18:41,13:18:41,17100001
100,400,10,Laptop MTO- Production-10-Dlfy,60000,GBP,2026-03-26,09:33:13,12:33:13,17100001
100,401,10,Laptop MTO- Production-10-Dlfy,300000,GBP,2026-03-26,09:41:32,13:41:32,17100001
100,402,10,Laptop MTO- Production-10-Dlfy,400000,GBP,2026-03-26,09:42:52,12:42:52,17100001
100,403,10,Laptop MTO- Production-10-Dlfy,500000,GBP,2026-03-26,09:44:25,11:44:25,17100001
100,404,10,Laptop MTO- Production-10-Dlfy,120000,GBP,2026-03-26,09:49:24,12:49:24,17100001
100,405,10,Laptop MTO- Production-10-Dlfy,320000,GBP,2026-03-26,09:51:15,13:51:15,17100001
100,406,10,Laptop MTO- Production-10-Dlfy,1000,GBP,2026-04-08,12:14:11,15:14:11,17100001
100,407,10,Laptop MTO- Production-10-Dlfy,1000,GBP,2026-04-09,06:35:52,10:35:52,17100001
100,408,10,Laptop MTO- Production-10-Dlfy,90000,GBP,2026-04-17,09:13:47,13:13:47,17100001
100,409,10,Laptop MTO- Production-10-Dlfy,80000,GBP,2026-04-17,09:24:56,12:24:56,17100001
100,410,10,Laptop MTO- Production-10-Dlfy,70000,GBP,2026-04-17,09:31:21,11:31:21,17100001
100,411,10,Laptop MTO- Production-10-Dlfy,60000,GBP,2026-04-17,09:36:53,11:36:53,17100001
100,412,10,Laptop MTO- Production-10-Dlfy,50000,GBP,2026-04-17,09:48:05,12:48:05,17100001
100,413,10,Laptop MTO- Production-10-Dlfy,160000,GBP,2026-04-17,09:54:57,13:54:57,17100001
100,414,10,Laptop MTO- Production-10-Dlfy,170000,GBP,2026-04-17,09:57:19,12:57:19,17100001
100,415,10,Laptop MTO- Production-10-Dlfy,180000,GBP,2026-04-17,09:59:52,11:59:52,17100001
100,416,10,Laptop MTO- Production-10-Dlfy,190000,GBP,2026-04-17,10:02:02,12:02:02,17100001
100,417,10,Laptop MTO- Production-10-Dlfy,200000,GBP,2026-04-17,10:04:27,14:04:27,17100001
100,418,10,Laptop MTO- Production-10-Dlfy,210000,GBP,2026-04-17,10:07:42,13:07:42,17100001
100,419,10,Laptop MTO- Production-10-Dlfy,90000,GBP,2026-04-17,10:17:07,14:17:07,17100001
100,420,10,Laptop MTO- Production-10-Dlfy,80000,GBP,2026-04-17,11:43:54,13:43:54,17100001
100,421,10,Laptop MTO- Production-10-Dlfy,70000,GBP,2026-04-17,11:50:17,14:50:17,17100001
100,422,10,Laptop MTO- Production-10-Dlfy,60000,GBP,2026-04-17,11:57:04,13:57:04,17100001
100,423,10,Laptop MTO- Production-10-Dlfy,50000,GBP,2026-04-17,12:02:17,14:02:17,17100001
100,424,10,Laptop MTO- Production-10-Dlfy,160000,GBP,2026-04-17,12:08:20,15:08:20,17100001
100,425,10,Laptop MTO- Production-10-Dlfy,210000,GBP,2026-04-17,12:11:31,16:11:31,17100001
100,426,10,Laptop MTO- Production-10-Dlfy,220000,GBP,2026-04-17,12:15:57,15:15:57,17100001
100,427,10,Laptop MTO- Production-10-Dlfy,230000,GBP,2026-04-17,12:21:52,15:21:52,17100001
100,428,10,Laptop MTO- Production-10-Dlfy,240000,GBP,2026-04-17,12:25:12,15:25:12,17100001
100,429,10,Laptop MTO- Production-10-Dlfy,60000,GBP,2026-04-17,13:14:54,16:14:54,17100001
100,430,10,Laptop MTO- Production-10-Dlfy,90000,GBP,2026-04-20,10:58:59,12:58:59,17100001
100,431,10,Laptop MTO- Production-10-Dlfy,80000,GBP,2026-04-20,11:08:13,15:08:13,17100001
100,432,10,Laptop MTO- Production-10-Dlfy,70000,GBP,2026-04-20,11:13:15,13:13:15,17100001
100,433,10,Laptop MTO- Production-10-Dlfy,60000,GBP,2026-04-20,11:17:03,15:17:03,17100001
100,434,10,Laptop MTO- Production-10-Dlfy,190000,GBP,2026-04-20,11:23:59,14:23:59,17100001
100,435,10,Laptop MTO- Production-10-Dlfy,430000,GBP,2026-04-20,11:27:21,14:27:21,17100001
100,436,10,Laptop MTO- Production-10-Dlfy,160000,GBP,2026-04-20,11:29:34,14:29:34,17100001
100,437,10,Laptop MTO- Production-10-Dlfy,210000,GBP,2026-04-20,11:31:26,13:31:26,17100001
100,438,10,Laptop MTO- Production-10-Dlfy,50000,GBP,2026-04-20,11:34:12,14:34:12,17100001
100,439,10,Laptop MTO- Production-10-Dlfy,100000,GBP,2026-04-21,09:06:32,12:06:32,17100001
100,440,10,Laptop MTO- Production-10-Dlfy,90000,GBP,2026-04-21,10:44:55,14:44:55,17100001
100,441,10,Laptop MTO- Production-10-Dlfy,80000,GBP,2026-04-21,10:52:09,14:52:09,17100001
100,442,10,Laptop MTO- Production-10-Dlfy,70000,GBP,2026-04-21,11:00:34,13:00:34,17100001
100,443,10,Laptop MTO- Production-10-Dlfy,60000,GBP,2026-04-21,11:05:58,14:05:58,17100001
100,444,10,Laptop MTO- Production-10-Dlfy,210000,GBP,2026-04-21,11:23:57,14:23:57,17100001
100,445,10,Laptop MTO- Production-10-Dlfy,410000,GBP,2026-04-21,11:26:37,15:26:37,17100001
100,446,10,Laptop MTO- Production-10-Dlfy,310000,GBP,2026-04-21,11:28:46,15:28:46,17100001
100,447,10,Laptop MTO- Production-10-Dlfy,90000,GBP,2026-04-22,04:58:28,06:58:28,17100001
100,448,10,Laptop MTO- Production-10-Dlfy,100000,GBP,2026-04-22,05:55:02,08:55:02,17100001
100,449,10,Laptop MTO- Production-10-Dlfy,80000,GBP,2026-04-22,08:37:12,11:37:12,17100001
100,450,10,Laptop MTO- Production-10-Dlfy,70000,GBP,2026-04-22,08:49:57,10:49:57,17100001
100,451,10,Laptop MTO- Production-10-Dlfy,60000,GBP,2026-04-22,08:55:36,10:55:36,17100001
100,452,10,Laptop MTO- Production-10-Dlfy,210000,GBP,2026-04-22,09:06:46,11:06:46,17100001
100,453,10,Laptop MTO- Production-10-Dlfy,110000,GBP,2026-04-22,09:12:01,13:12:01,17100001
100,454,10,Laptop MTO- Production-10-Dlfy,320000,GBP,2026-04-22,09:14:11,11:14:11,17100001
100,455,10,Laptop MTO- Production-10-Dlfy,200000,GBP,2026-04-22,09:17:22,12:17:22,17100001
100,456,10,Laptop MTO- Production-10-Dlfy,90000,GBP,2026-04-22,10:52:16,14:52:16,17100001
100,457,10,Laptop MTO- Production-10-Dlfy,70000,GBP,2026-04-22,12:04:26,16:04:26,17100001
100,458,10,Laptop MTO- Production-10-Dlfy,50000,GBP,2026-04-22,13:05:17,16:05:17,17100001
100,459,10,Laptop MTO- Production-10-Dlfy,70000,GBP,2026-04-28,11:05:43,15:05:43,17100001
100,460,10,Laptop MTO- Production-10-Dlfy,50000,GBP,2026-04-29,08:48:10,11:48:10,17100001
100,461,10,Laptop MTO- Production-10-Dlfy,50000,GBP,2026-04-29,09:17:58,11:17:58,17100001
100,462,10,Laptop MTO- Production-10-Dlfy,70000,GBP,2026-05-04,12:15:33,14:15:33,17100001
100,463,10,Laptop MTO- Production-10-Dlfy,80000,GBP,2026-05-04,12:17:12,15:17:12,17100001
100,464,10,Laptop MTO- Production-10-Dlfy,90000,GBP,2026-05-04,12:18:46,16:18:46,17100001
100,465,10,Laptop MTO- Production-10-Dlfy,100000,GBP,2026-05-04,12:19:20,14:19:20,17100001
100,466,10,Laptop MTO- Production-10-Dlfy,110000,GBP,2026-05-04,12:20:17,16:20:17,17100001
